Jt,m3_plus_q4
0.05,0.9948053323655636
0.1,0.97688351829503
0.15000000000000002,0.961604499562265
0.2,0.9713361426009612
0.25,0.9914283473419871
0.30000000000000004,0.9991620215680094
0.35000000000000003,0.9974495661896722
0.4,0.9847224285829809
0.45,0.9659579862033266
0.5,0.9686678158727662
0.55,0.9889472341997967
0.6000000000000001,0.9976244928642596
0.65,0.9974999711212623
0.7000000000000001,0.992094790780383
0.75,0.973998819486949
0.8,0.9687955886792562
0.8500000000000001,0.9869922746239344
0.9,0.9967112381628941
0.9500000000000001,0.9954271863139611
1.0,0.9955895773478429
1.05,0.9830770632154358
1.1,0.9719662002543655
1.1500000000000001,0.9847342699859621
1.2000000000000002,0.995946921698247
1.25,0.993323134490601
1.3,0.9944002766872843
1.35,0.989243328063091
1.4000000000000001,0.9773905638613729
1.4500000000000002,0.9827543874988598
1.5,0.9938804165727567
1.55,0.9919975537755072
1.6,0.9907206158390705
1.6500000000000001,0.9903288015245426
1.7000000000000002,0.9824244770431921
1.75,0.9820658383703136
1.8,0.9904179750073288
1.85,0.9903561002594796
1.9000000000000001,0.986729663723266
1.9500000000000002,0.9874444934644031
2.0,0.9846159935245792
2.0500000000000003,0.9822136028588125
2.1,0.9868967501583422
2.15,0.9876756219176033
2.2,0.9826699326180856
2.25,0.9828504600705986
2.3000000000000003,0.9839570784991711
2.35,0.9819283626269693
2.4000000000000004,0.9841551450647767
2.45,0.9848926408082492
2.5,0.97839523653386
2.5500000000000003,0.9775570201481001
2.6,0.9819825610184483
2.6500000000000004,0.9812604192050833
2.7,0.9820756431833931
2.75,0.9831503672813365
2.8000000000000003,0.9751532977731414
2.85,0.9720070017669393
2.9000000000000004,0.9793481733284063
2.95,0.9814273288367046
3.0,0.9810768739602597
3.0500000000000003,0.9824736446229683
3.1,0.9744820894636206
3.1500000000000004,0.9678565069837014
3.2,0.9758020255705595
3.25,0.9825084004094906
3.3000000000000003,0.9823285475078456
3.35,0.9826718432534964
3.4000000000000004,0.9762492456061346
3.45,0.9672121792900912
3.5,0.9721927840753322
3.5500000000000003,0.9829642736169655
3.6,0.9857340385262933
3.6500000000000004,0.9842669764764833
3.7,0.9791391208185352
3.75,0.970296690888132
3.8000000000000003,0.9706472087255077
3.85,0.9820291538078056
3.9000000000000004,0.9891063521153131
3.95,0.9872677457183174
4.0,0.9824681892202559
4.05,0.9753496101994917
4.1000000000000005,0.9722499342771151
4.15,0.9811140835624237
4.2,0.9905579940929723
4.25,0.9899192763719554
4.3,0.9860284268805042
4.3500000000000005,0.9808227831207919
4.4,0.9758931513772318
4.45,0.9818189205419297
4.5,0.9907847061351551
4.55,0.9902902514918167
4.6000000000000005,0.988483741713928
4.65,0.9861550323956898
4.7,0.9800070836370082
4.75,0.9836593663139107
4.800000000000001,0.9916388569516201
4.8500000000000005,0.9888649060747331
4.9,0.9878371140634663
4.95,0.9901491822106903
5.0,0.9840995316639398
5.050000000000001,0.9849974402403943
5.1000000000000005,0.9931044438489856
5.15,0.9880479772815111
5.2,0.9841090425844199
5.25,0.9904838901975778
5.300000000000001,0.9876785916454012
5.3500000000000005,0.9853959350037342
5.4,0.9933011005148366
5.45,0.9889893265021718
5.5,0.9801522760053241
5.550000000000001,0.9862152641488748
5.6000000000000005,0.9889995607054199
5.65,0.9855845036100638
5.7,0.9913044749839248
5.75,0.990340326594562
5.800000000000001,0.9788694911663895
5.8500000000000005,0.9797933735324192
5.9,0.986610350181262
5.95,0.9855729578233706
6.0,0.9883054017948714
6.050000000000001,0.9905150028383443
6.1000000000000005,0.980528019790427
6.15,0.9751696831210518
6.2,0.9817367799925922
6.25,0.9845163683786669
6.300000000000001,0.9857110724539085
6.3500000000000005,0.9896819951828829
6.4,0.9835719797212507
6.45,0.9743048761452638
6.5,0.9775670647140903
6.550000000000001,0.9825889256848166
6.6000000000000005,0.9836930120019275
6.65,0.9887172955069553
6.7,0.986917847797009
6.75,0.9765960510834726
6.800000000000001,0.97613973078419
6.8500000000000005,0.9813853682017408
6.9,0.9822877906789145
6.95,0.9875823051713006
7.0,0.9901132461684687
7.050000000000001,0.9809890766391547
7.1000000000000005,0.9772482582244972
7.15,0.9818384660891135
7.2,0.9823926620982966
7.25,0.9860568692695705
7.300000000000001,0.9920800635967167
7.3500000000000005,0.9868125809191275
7.4,0.9803531517036358
7.45,0.983065979165353
7.5,0.98434117694527
7.550000000000001,0.985057235730174
7.6000000000000005,0.9915503666344312
7.65,0.9925068000893165
7.7,0.9856879009099034
7.75,0.9841562117391092
7.800000000000001,0.9864779587141178
7.8500000000000005,0.9854973659149504
7.9,0.9887591370317905
7.95,0.9954832966541968
8.0,0.992608251578049
8.05,0.9858782964284089
8.1,0.9867591592392924
8.15,0.9862292798778733
8.200000000000001,0.985169382109724
8.25,0.9942504928644774
8.3,0.9984043872980815
8.35,0.9892981939431856
8.4,0.9854382295504119
8.450000000000001,0.9849331920855438
8.5,0.9812737035117537
8.55,0.9896400987361323
8.6,1.0002886874923294
8.65,0.9935037299381041
8.700000000000001,0.9847167705913265
8.75,0.981341215761348
8.8,0.9762064928690579
8.85,0.9832243059220468
8.9,0.9979332954939352
8.950000000000001,0.9962623170903386
9.0,0.9858085035412728
9.05,0.9780515502729351
9.1,0.9701917576278751
9.15,0.9757033022113695
9.200000000000001,0.9929117010522003
9.25,0.9966381367444882
9.3,0.9877911815770828
9.35,0.977514402908472
9.4,0.9658957116189192
9.450000000000001,0.9679348209644443
9.5,0.9864025742502035
9.55,0.9954811964156969
9.600000000000001,0.9895148792620079
9.65,0.9794755258341117
9.700000000000001,0.9660181232332292
9.75,0.9624323307253857
9.8,0.9790161911280036
9.850000000000001,0.9934384988170355
9.9,0.9910461262006556
9.950000000000001,0.9821767713956434
10.0,0.9702974189064263
10.05,0.9619610102804735
10.100000000000001,0.9725065895048044
10.15,0.990206922893555
10.200000000000001,0.9925408686946899
10.25,0.9847765127337175
10.3,0.9761129259399888
10.350000000000001,0.9666293448773907
10.4,0.9696119012888806
10.450000000000001,0.9862451687885623
10.5,0.9931550695180393
10.55,0.987270655820362
10.600000000000001,0.9813968213240888
10.65,0.9736990193517356
10.700000000000001,0.9714098764023733
10.75,0.9835724133425594
10.8,0.9923116506321369
10.850000000000001,0.988993363030443
10.9,0.9855076068495239
10.950000000000001,0.98035577382807
11.0,0.9760560453972976
11.05,0.9836495554470566
11.100000000000001,0.9910799143714134
11.15,0.9890037619106768
11.200000000000001,0.9877235117600955
11.25,0.9853800026191134
11.3,0.980920708635276
11.350000000000001,0.9854516650940195
11.4,0.990851622738151
11.450000000000001,0.9877890688033982
11.5,0.9869524535297461
11.55,0.9880140715023921
11.600000000000001,0.9849364760622259
11.65,0.9869367404306513
11.700000000000001,0.9911672791264213
11.75,0.9869476763659555
11.8,0.9835393287243686
11.850000000000001,0.9870929051348232
11.9,0.9880057318460326
11.950000000000001,0.9877683670574293
12.0,0.9903905630751209
12.05,0.9869172957240835
12.100000000000001,0.9797681939577144
12.15,0.9825400071803702
12.200000000000001,0.9893252134907233
12.25,0.9891573002636548
12.3,0.9884354202477751
12.350000000000001,0.9864539129351566
12.4,0.9775251430377204
12.450000000000001,0.9765600628695611
12.5,0.9879280391662965
12.55,0.9913751120351703
12.600000000000001,0.9872471935802278
12.65,0.9849005006468261
12.700000000000001,0.9765048855006013
12.75,0.9718608483309427
12.8,0.9844380008294079
12.850000000000001,0.9930901856229478
12.9,0.9882144140887953
12.950000000000001,0.9836104332059259
13.0,0.9757205197003019
13.05,0.9692401523226514
13.100000000000001,0.9807109216182357
13.15,0.9933559718097996
13.200000000000001,0.9905451973664278
13.25,0.9841607657475697
13.3,0.9757070864823342
13.350000000000001,0.9681743403573239
13.4,0.9777726536502082
13.450000000000001,0.9926980686566983
13.5,0.9928840723462425
13.55,0.9862185272277426
13.600000000000001,0.9776990257985583
13.65,0.9690912195328047
13.700000000000001,0.9755525855828417
13.75,0.9916814220505629
13.8,0.9951265861685566
13.850000000000001,0.9883868076175438
13.9,0.9811554802250555
13.950000000000001,0.9731217127334836
14.0,0.9747060450981045
14.05,0.9898954386902343
14.100000000000001,0.9974729763427078
14.15,0.99033824124642
14.200000000000001,0.9838191944217191
14.25,0.9794130552356876
14.3,0.9768406969420601
14.350000000000001,0.9873721891694154
14.4,0.998855977108993
14.450000000000001,0.9925904537350931
14.5,0.9843620679370613
14.55,0.9845260636220391
14.600000000000001,0.9819509140690403
14.65,0.9857531685339219
14.700000000000001,0.998008944069521
14.75,0.9946200611643106
14.8,0.9835434025923441
14.850000000000001,0.9855040461051308
14.9,0.9869663012138143
14.950000000000001,0.9865140401254523
15.0,0.9956342174188271
15.05,0.9950090632903993
15.100000000000001,0.9824650976726227
15.15,0.982524354293377
15.200000000000001,0.9882742589789029
15.25,0.9885948594438618
15.3,0.9938235928029351
15.350000000000001,0.9936936345857116
15.4,0.9812138212848189
15.450000000000001,0.9777846999005027
15.5,0.9851376572450865
15.55,0.9892834743437193
15.600000000000001,0.9932751466522558
15.65,0.9924515031213095
15.700000000000001,0.9799854002934425
15.75,0.9729987779539981
15.8,0.9796029504928532
15.850000000000001,0.9873323636421032
15.9,0.9925926331734913
15.950000000000001,0.992503049090555
16.0,0.9801232071359033
16.05,0.9692022554647169
16.1,0.9738325573049567
16.150000000000002,0.9839305489436787
16.2,0.9906797377755513
16.25,0.9929741358983523
16.3,0.9826750207421919
16.35,0.967914891606706
16.400000000000002,0.9690703784717798
16.45,0.9806892601060824
16.5,0.9883665711591507
16.55,0.9926278337316166
16.6,0.9866935524512839
16.650000000000002,0.9704612306627762
16.7,0.9667486558474375
16.75,0.9782140663091853
16.8,0.9869176581565258
16.85,0.9918934335958743
16.900000000000002,0.9902957253792807
16.95,0.976090877720867
17.0,0.9684075263437473
17.05,0.9770083088853304
17.1,0.9861982962278957
17.150000000000002,0.9918418241690338
17.2,0.992884673088231
17.25,0.9823158973334094
17.3,0.973724639529661
17.35,0.9780620999393417
17.400000000000002,0.9854430940410428
17.45,0.9919682655615776
17.5,0.9948979049605498
17.55,0.9874211728224483
17.6,0.9801051893333977
17.650000000000002,0.9813488213738418
17.7,0.984869974578037
17.75,0.9906549526506077
17.8,0.9956692713651354
17.85,0.9913384291136029
17.900000000000002,0.9852647242319439
17.95,0.9848822098568599
18.0,0.9850837804838072
18.05,0.9876581206440815
18.1,0.9933681668568972
18.150000000000002,0.9937135171808349
18.2,0.9891809428537921
18.25,0.9867489013035265
18.3,0.9854397771770772
18.35,0.9845568969207331
18.400000000000002,0.9876197645629547
18.45,0.9927669559710808
18.5,0.9924726519100208
18.55,0.9874727218363335
18.6,0.9846795873656712
18.650000000000002,0.9825192203868436
18.7,0.9807821050106061
18.75,0.9873360383697277
18.8,0.9939573099855227
18.85,0.9888884486705244
18.900000000000002,0.9831926589497214
18.95,0.9811447685747519
19.0,0.9757435426878662
19.05,0.9791514515787887
19.1,0.9915218435379385
19.150000000000002,0.9910105091061707
19.200000000000003,0.9830090746126704
19.25,0.9800996770022338
19.3,0.9734858496633495
19.35,0.9717698049401761
19.400000000000002,0.9851556354281774
19.450000000000003,0.9916865179489172
19.5,0.9850582450893658
19.55,0.9803807311946547
19.6,0.9736720719695531
19.650000000000002,0.9676833763465393
19.700000000000003,0.9775995013002854
19.75,0.9895605072539434
19.8,0.9878288126089243
19.85,0.9827667303227616
19.900000000000002,0.9763589952476681
19.950000000000003,0.9675251196209644
20.0,0.9718596762963219
20.05,0.9858423014827168
20.1,0.9894896838327226
20.150000000000002,0.9860555298111311
20.200000000000003,0.9814533278379135
20.25,0.9713243079319147
20.3,0.9693538233396948
20.35,0.982560815246884
20.400000000000002,0.9900761421419008
20.450000000000003,0.9882704545790755
20.5,0.9870727421547847
20.55,0.9785775624535041
20.6,0.9705515746401616
20.650000000000002,0.9804744143998287
20.700000000000003,0.9905184887001874
20.75,0.9890514902704346
20.8,0.9904094127737935
20.85,0.9869159327289778
20.900000000000002,0.9755724725919687
20.950000000000003,0.9796568659375872
21.0,0.9906171789137674
21.05,0.9894296639521637
21.1,0.99055591229449
21.150000000000002,0.992663369215511
21.200000000000003,0.9830550361549958
21.25,0.9808182045112789
21.3,0.9895320030975554
21.35,0.9895752799312656
21.400000000000002,0.9890841977336107
21.450000000000003,0.9938662692885167
21.5,0.9897764672090411
21.55,0.9843935020811115
21.6,0.9877199732034907
21.650000000000002,0.9884106504515654
21.700000000000003,0.9874580881769338
21.75,0.9917996676172236
21.8,0.9930163082830565
21.85,0.988906828257956
21.900000000000002,0.986666155447119
21.950000000000003,0.9856397311958118
22.0,0.9853018025557805
22.05,0.9886932561634568
22.1,0.992895853259573
22.150000000000002,0.9919700070020158
22.200000000000003,0.9866758165550804
22.25,0.982601040901259
22.3,0.9819570260355859
22.35,0.9851014192456264
22.400000000000002,0.9912922865514444
22.450000000000003,0.9929495766863005
22.5,0.9865758750860152
22.55,0.9804814048998085
22.6,0.9783842783143774
22.650000000000002,0.9806663407197378
22.700000000000003,0.9890697848416103
22.75,0.9932265893661437
22.8,0.9860265431304083
22.85,0.9790389856179458
22.900000000000002,0.9762137278977159
22.950000000000003,0.9764290096355738
23.0,0.9858631282357532
23.05,0.9936778636180669
23.1,0.9865191040454432
23.150000000000002,0.9780188279133937
23.200000000000003,0.9757128255264214
23.25,0.9745226702919073
23.3,0.9822760513600418
23.35,0.9934554774823695
23.400000000000002,0.9891058987227701
23.450000000000003,0.9785539014903469
23.5,0.9760628510631625
23.55,0.9756451474353667
23.6,0.9803946002284409
23.650000000000002,0.9918700491490273
23.700000000000003,0.9924097784586743
23.75,0.9816447653535902
23.8,0.9770987314648328
23.85,0.9783668986644152
23.900000000000002,0.9814779349679372
23.950000000000003,0.990051273814857
24.0,0.9942316664035615
24.05,0.9859414005001405
24.1,0.9791422849159359
24.150000000000002,0.9811284295244974
24.200000000000003,0.9844565301113073
24.25,0.9896013728531622
24.3,0.9943460061182191
24.35,0.988743691259684
24.400000000000002,0.9811881414908683
24.450000000000003,0.9834017781000262
24.5,0.9874766116905929
24.55,0.9905086883245329
24.6,0.994265898661377
24.650000000000002,0.9891463181914507
24.700000000000003,0.981060073767601
24.75,0.9843830130290996
24.8,0.9897282706106262
24.85,0.9915979435534833
24.900000000000002,0.9947017158568963
24.950000000000003,0.9887042755179319
25.0,0.9780915465059316
25.05,0.9822696420230366
25.1,0.9907241826345132
25.150000000000002,0.9923673149855147
25.200000000000003,0.9948548404369567
25.25,0.9888374796472622
25.3,0.9743839261575299
25.35,0.9763304292922858
25.400000000000002,0.9890099943009897
25.450000000000003,0.9929654981284897
25.5,0.9942359081493704
25.55,0.9891427435386293
25.6,0.9725467307870171
25.650000000000002,0.9688662776642939
25.700000000000003,0.9834686229404397
25.75,0.9927365679473008
25.8,0.9935642662661333
25.85,0.9888598695055986
25.900000000000002,0.9731880240343825
25.950000000000003,0.9636373808438485
26.0,0.9756645476885617
26.05,0.9905298715818422
26.1,0.9933403213098111
26.150000000000002,0.9884957597647247
26.200000000000003,0.9754838720737741
26.25,0.9626154536733409
26.3,0.9691956522754404
26.35,0.986763278853713
26.400000000000002,0.9929430359652064
26.450000000000003,0.9888174489659651
26.5,0.979031243158518
26.55,0.9653375284097652
26.6,0.9664155779397504
26.650000000000002,0.9836247951055297
26.700000000000003,0.9920332821691855
26.75,0.9893026476551277
26.8,0.9835891478810967
26.85,0.9708085581080517
26.900000000000002,0.9670455189125765
26.950000000000003,0.9824882074542272
27.0,0.9916302882353115
27.05,0.989066041977443
27.1,0.9876419214321291
27.150000000000002,0.9782230285093492
27.200000000000003,0.9701332701300901
27.25,0.9824126336609549
27.3,0.9925040385232974
27.35,0.9886995569598146
27.400000000000002,0.9891558383162722
27.450000000000003,0.985700443578662
27.5,0.9756105162104697
27.55,0.9821588830843784
27.6,0.9933581491538889
27.650000000000002,0.9895133810026293
27.700000000000003,0.9880199304406023
27.75,0.9902687635180291
27.8,0.9829359207746649
27.85,0.9824809865902934
27.900000000000002,0.9922077100078937
27.950000000000003,0.9910573156181907
28.0,0.9861944642789991
28.05,0.9902804046476584
28.1,0.9896283734039004
28.150000000000002,0.9849497736326153
28.200000000000003,0.9892761604214485
28.25,0.9911264935826667
28.3,0.9849200445514728
28.35,0.9868724840502768
28.400000000000002,0.9927972574142867
28.450000000000003,0.9891874026594256
28.5,0.9870060290533075
28.55,0.9887295805190413
28.6,0.9832325304840093
28.650000000000002,0.9821313115607379
28.700000000000003,0.9916992639381549
28.75,0.9928858366233354
28.8,0.9871386979930453
28.85,0.9856628266064518
28.900000000000002,0.9801421598540941
28.950000000000003,0.9768346384106491
29.0,0.9876095710673208
29.05,0.9944006270927023
29.1,0.9891762280782453
29.150000000000002,0.9844043770546764
29.200000000000003,0.9769813384771201
29.25,0.9712088279189932
29.3,0.9817337439549071
29.35,0.9938254601287522
29.400000000000002,0.991913055488073
29.450000000000003,0.9855858143648919
29.5,0.9761732111950391
29.55,0.9669493403526743
29.6,0.9748272081119809
29.650000000000002,0.9914825374407495
29.700000000000003,0.9948672206956031
29.75,0.98835003695406
29.8,0.9783728499125443
29.85,0.9665458073089618
29.900000000000002,0.9687096944933385
29.950000000000003,0.9871535537149784
30.0,0.9974265013559342
30.05,0.9919827619760277
30.1,0.9822091839536631
30.150000000000002,0.9705172124595391
30.200000000000003,0.9661729332603775
30.25,0.9816029571415176
30.3,0.9980908751588147
30.35,0.9958161728172182
30.400000000000002,0.9863556770171273
30.450000000000003,0.9768004363216416
30.5,0.9684353592614546
30.55,0.9773371463896336
30.6,0.9960636306417209
30.650000000000002,0.9983185132981837
30.700000000000003,0.9902565907183773
30.75,0.9831187611880841
30.8,0.9738000072006566
30.85,0.9763860793996254
30.900000000000002,0.99281633249529
30.950000000000003,0.9980602189577061
31.0,0.992922639757005
31.05,0.9885250051989833
31.1,0.9796467704128556
31.150000000000002,0.9780265888413691
31.200000000000003,0.9904970748216333
31.25,0.9956056692549341
31.3,0.9928789442994845
31.35,0.9922119149889227
31.400000000000002,0.9847261668929199
31.450000000000003,0.9799737823264527
31.5,0.9890938184252837
31.55,0.9929577592974835
31.6,0.9900888440204383
31.650000000000002,0.9925923194046334
31.700000000000003,0.9885968007312884
31.75,0.9812795494390981
31.8,0.9867508393053378
31.85,0.9908275601140853
31.900000000000002,0.9866183070460648
31.950000000000003,0.9890291674980943
32.0,0.990063280053482
32.050000000000004,0.9826524088726519
32.1,0.9829360966605923
32.15,0.9878831953969097
32.2,0.9843627055631634
32.25,0.9835635631149221
32.300000000000004,0.9880005088025894
32.35,0.9842696143878844
32.4,0.9796413681125381
32.45,0.9833417676590689
32.5,0.9830274263789278
32.550000000000004,0.9793480329092676
32.6,0.9834592819548883
32.65,0.9850451124481286
32.7,0.9788677983575044
32.75,0.978927155373239
32.800000000000004,0.9814142025367792
32.85,0.9776371419631923
32.9,0.9792830547867792
32.95,0.9844361747148822
33.0,0.9803409989023658
33.050000000000004,0.9770995081308997
33.1,0.9798243357228438
33.15,0.9775853149847025
33.2,0.9773555225312907
33.25,0.9834535669781764
33.300000000000004,0.9825848112372062
33.35,0.9782716901331406
33.4,0.9796802456416595
33.45,0.9786327265264158
33.5,0.9775117688803439
33.550000000000004,0.9831214987174559
33.6,0.9849613326329482
33.65,0.9810245468020976
33.7,0.9811444051631796
33.75,0.9812836130651357
33.800000000000004,0.9793705459740393
33.85,0.9832009810300939
33.9,0.9873493267060037
33.95,0.9842769089156865
34.0,0.9827214350999831
34.050000000000004,0.9851497533657088
34.1,0.9834979816934748
34.15,0.983455527270956
34.2,0.9888024995720321
34.25,0.9876215612604191
34.300000000000004,0.9833079719321729
34.35,0.987949490723534
34.4,0.9896479502342888
34.45,0.9850279561415559
34.5,0.9883376858856452
34.550000000000004,0.9899150933840654
34.6,0.9831324261400218
34.65,0.987580328133823
34.7,0.995154740292261
34.75,0.988977578940684
34.800000000000004,0.9868609818589805
34.85,0.9895604107727834
34.9,0.9823364581604458
34.95,0.984232170276485
35.0,0.996768343511178
35.050000000000004,0.9939470319294791
35.1,0.9866195390240291
35.15,0.9867723107077422
35.2,0.9802651941779801
35.25,0.9795446933144277
35.300000000000004,0.9937538856155754
35.35,0.9969276352949777
35.4,0.9883911582688125
35.45,0.9840322376620717
35.5,0.977121671334058
35.550000000000004,0.9747087710576819
35.6,0.9880031553140923
35.65,0.996415392296551
35.7,0.9905723790458216
35.75,0.9833448718554108
35.800000000000004,0.9749889375622733
35.85,0.9706337639597972
35.9,0.981602771511425
35.95,0.9934790160412693
36.0,0.9915331395210292
36.050000000000004,0.9841208099828392
36.1,0.9757404381781192
36.15,0.9690482266325384
36.2,0.9758244253612187
36.25,0.989664559307252
36.300000000000004,0.9915229128081895
36.35,0.984738181883666
36.4,0.9786087656037032
36.45,0.9714812670027925
36.5,0.9722468096093926
36.550000000000004,0.9855100048282096
36.6,0.9914344101795488
36.65,0.9851114541674844
36.7,0.9812478716373636
36.75,0.9770317983298265
36.800000000000004,0.9727604964303833
36.85,0.9817334643530647
36.9,0.9909874944120262
36.95,0.986256066762824
37.0,0.9827791829652305
37.050000000000004,0.9826831814381761
37.1,0.977467985406609
37.15,0.980182468633554
37.2,0.9894998988121865
37.25,0.9879512628845838
37.300000000000004,0.984190646994573
37.35,0.986286335029736
37.4,0.9838268315195834
37.45,0.9821022828675914
37.5,0.9876297300882687
37.550000000000004,0.9885872389910574
37.6,0.9857735447181577
37.65,0.9880095489167435
37.7,0.9889758547799891
37.75,0.9862865046093617
37.800000000000004,0.986764471972383
37.85,0.987387151501068
37.9,0.985988860072541
37.95,0.9884057168629056
38.0,0.9921292093154733
38.050000000000004,0.9903874925960137
38.1,0.9869951914611995
38.15,0.9852676966477457
38.2,0.9836013182206897
38.25,0.9866026961624031
38.300000000000004,0.993739593912276
38.35,0.9936136241465968
38.400000000000006,0.9872744618944005
38.45,0.9831796431527962
38.5,0.9795345665884598
38.550000000000004,0.9816715547267575
38.6,0.9932905122745108
38.650000000000006,0.9966906330369648
38.7,0.9876274397970042
38.75,0.9810905040332204
38.800000000000004,0.9756017493454978
38.85,0.9747969093935979
38.900000000000006,0.9895836879720551
38.95,0.9993868277668679
39.0,0.9895484659921553
39.050000000000004,0.9793268211488899
39.1,0.9725203243251066
39.150000000000006,0.9685736387545838
39.2,0.9830078618977519
39.25,0.9998424135663828
39.300000000000004,0.9935724694187925
39.35,0.9795084861780773
39.400000000000006,0.9704126039635684
39.45,0.9645952766338903
39.5,0.9759437417784567
39.550000000000004,0.9969102170621248
39.6,0.9978428158611172
39.650000000000006,0.982809487341639
39.7,0.9702938522069489
39.75,0.9631052936571523
39.800000000000004,0.9706570785101362
39.85,0.9918012572382054
39.900000000000006,1.000117127189175
39.95,0.9880495621733486
40.0,0.9732627551992111
40.050000000000004,0.964549238691221
40.1,0.968057574673308
40.150000000000006,0.9866230639703086
40.2,1.0001839283764409
40.25,0.9928469382309792
40.300000000000004,0.9783774425287278
40.35,0.9694806345180964
40.400000000000006,0.9686788627428797
40.45,0.9824501016492966
40.5,0.9991402007645906
40.550000000000004,0.996205142566698
40.6,0.9830096174276197
40.650000000000006,0.9764877584776814
40.7,0.9730515470245459
40.75,0.9797782428810435
40.800000000000004,0.9972007561187803
40.85,0.9985865625049266
40.900000000000006,0.9856741456779721
40.95,0.9820206333667364
41.0,0.9799749831515996
41.050000000000004,0.9796099769320782
41.1,0.9938731873795843
41.150000000000006,0.9997610112498251
41.2,0.9871633598850628
41.25,0.9835420160001118
41.300000000000004,0.9857859223908902
41.35,0.982355098418927
41.400000000000006,0.9899266888364573
41.45,0.998406974213864
41.5,0.9884119527978671
41.550000000000004,0.9819442634328241
41.6,0.9871137491042494
41.650000000000006,0.9861308983207483
41.7,0.9873184332054531
41.75,0.9943203470024526
41.800000000000004,0.9887081146324456
41.85,0.9798235301496497
41.900000000000006,0.984082361192194
41.95,0.9879444083620077
42.0,0.986784946412589
42.050000000000004,0.9894734561782973
42.1,0.9870639590272371
42.150000000000006,0.9782750011533337
42.2,0.9795992475716508
42.25,0.9868163911488136
42.300000000000004,0.9870129792669698
42.35,0.985972573885302
42.400000000000006,0.9842349442792753
42.45,0.9767200394860954
42.5,0.9758969937375328
42.550000000000004,0.98445809305783
42.6,0.9868320168345877
42.650000000000006,0.9841091561555345
42.7,0.9820004960090482
42.75,0.9751748881927468
42.800000000000004,0.9732152081324236
42.85,0.9826685939761871
42.900000000000006,0.9868652769211685
42.95,0.9833881300858528
43.0,0.9810904484577515
43.050000000000004,0.9748321234873352
43.1,0.9716454581696994
43.150000000000006,0.9815093586867297
43.2,0.9880369654125472
43.25,0.9842688652216003
43.300000000000004,0.9811948890699896
43.35,0.9762703775527907
43.400000000000006,0.9722568563591288
43.45,0.9806054903207634
43.5,0.9895935267720571
43.550000000000004,0.9872887499951846
43.6,0.9824965218857551
43.650000000000006,0.9786658198813097
43.7,0.9755335850832534
43.75,0.98070193463472
43.800000000000004,0.9899911474454908
43.85,0.9910595862182998
43.900000000000006,0.9854242845929917
43.95,0.9812203312540235
44.0,0.9801167236012521
44.050000000000004,0.9826069478638128
44.1,0.9891181612719407
44.150000000000006,0.9929593089356522
44.2,0.9887884936627906
44.25,0.9839169606851544
44.300000000000004,0.9842519108269254
44.35,0.9855262407897329
44.400000000000006,0.9881893995724056
44.45,0.9920275716988033
44.5,0.9899548994610735
44.550000000000004,0.98611519866139
44.6,0.9874858954069371
44.650000000000006,0.9879334705250364
44.7,0.9877166220004687
44.75,0.9897954505706733
44.800000000000004,0.9877472208194789
44.85,0.9858428953103525
44.900000000000006,0.9897111617479942
44.95,0.9895787037747398
45.0,0.9871163086619877
45.050000000000004,0.98792573531684
45.1,0.9840180642422302
45.150000000000006,0.9819390371922555
45.2,0.9894999865146313
45.25,0.9910637702703725
45.300000000000004,0.986408214966268
45.35,0.9864474907471771
45.400000000000006,0.9814325471025267
45.45,0.9762294447486266
45.5,0.9852707876556829
45.550000000000004,0.9916538140242491
45.6,0.9866489193913762
45.650000000000006,0.9849977418768021
45.7,0.9806810907255408
45.75,0.9721806237856201
45.800000000000004,0.9780760080031872
45.85,0.989399391723723
45.900000000000006,0.9880116161634354
45.95,0.9843583925803548
46.0,0.9809365026943997
46.050000000000004,0.9716324478059458
46.1,0.9715988048275341
46.150000000000006,0.9840266586298707
46.2,0.9888592579771994
46.25,0.9853832749862661
46.300000000000004,0.9820483401566973
46.35,0.9739856871188016
46.400000000000006,0.9688899842889382
46.45,0.9782031864472851
46.5,0.987825082017348
46.550000000000004,0.9872442047409181
46.6,0.9845486274035211
46.650000000000006,0.978181915500349
46.7,0.9702066865749077
46.75,0.9749465840956757
46.800000000000004,0.9857862913308
46.85,0.9882701109275173
46.900000000000006,0.9877794059285346
46.95,0.9837338851465685
47.0,0.9743138997173049
47.050000000000004,0.974827326546194
47.1,0.9844979618378524
47.150000000000006,0.9881436902848507
47.2,0.989862357551183
47.25,0.9894960504859724
47.300000000000004,0.9803295472175485
47.35,0.9767183320343293
47.400000000000006,0.9840385424281469
47.45,0.9877545409413121
47.5,0.989940932625416
47.550000000000004,0.9932212721911688
47.6,0.9872458796610593
47.650000000000006,0.9801699090387581
47.7,0.983161691288347
47.75,0.9870050138438273
47.800000000000004,0.9889458687942304
47.85,0.9935452433855649
47.900000000000006,0.9929296641696824
47.95,0.9853907010026792
48.0,0.9818403673586019
48.050000000000004,0.9844866387180211
48.1,0.9874981672769678
48.150000000000006,0.9913916865846588
48.2,0.995339149723256
48.25,0.9913718603770418
48.300000000000004,0.9817196579152011
48.35,0.97986344425822
48.400000000000006,0.9845341355973738
48.45,0.9882849193232335
48.5,0.9944405232616772
48.550000000000004,0.9958958844478568
48.6,0.9837518362739958
48.650000000000006,0.9751550024592744
48.7,0.979189098978843
48.75,0.9842045742155209
48.800000000000004,0.9916340874163094
48.85,0.9977276213813167
48.900000000000006,0.9869114461421802
48.95,0.9727668973338159
49.0,0.9730101611819341
49.050000000000004,0.9785531336131544
49.1,0.9876181872904521
49.150000000000006,0.9974172086729316
49.2,0.9898834004681164
49.25,0.9732758823907538
49.300000000000004,0.9688625803535229
49.35,0.9726111487568698
49.400000000000006,0.9823458634627436
49.45,0.9955999155963879
49.5,0.9926036712149146
49.550000000000004,0.9760230534895556
49.6,0.9681138195493981
49.650000000000006,0.9691905113278764
49.7,0.9770466600817752
49.75,0.9920503587227519
49.800000000000004,0.9951097158393534
49.85,0.9806975479767366
49.900000000000006,0.9701383790925017
49.95,0.9696526781421172
50.0,0.9744134167412708
50.050000000000004,0.9872707357836468
50.1,0.9961557057726816
50.150000000000006,0.9867952682204182
50.2,0.9740849425904703
50.25,0.9726952420591748
50.300000000000004,0.9758747644313573
50.35,0.9835941356763842
50.400000000000006,0.9946136138966262
50.45,0.9922147974968224
50.5,0.9794011764680459
50.550000000000004,0.9764056602582047
50.6,0.979864783846683
50.650000000000006,0.983180595738224
50.7,0.9916617740836675
50.75,0.9943893398153916
50.800000000000004,0.9845190708446797
50.85,0.9800294725560196
50.900000000000006,0.9837242073022576
50.95,0.9855019753646541
51.0,0.9898646480840165
51.050000000000004,0.9931089620534423
51.1,0.9869289752220084
51.150000000000006,0.9830036865681527
51.2,0.9863114656996123
51.25,0.9881239176185046
51.300000000000004,0.990068929211123
51.35,0.9907193523200837
51.400000000000006,0.9856385160741341
51.45,0.9838034970948478
51.5,0.9876788617129711
51.550000000000004,0.9895928878885725
51.6,0.9906880405168897
51.650000000000006,0.9890436898601694
51.7,0.9824548665243477
51.75,0.9813673263417111
51.800000000000004,0.9872456283244783
51.85,0.9902234669037141
51.900000000000006,0.9903033046289856
51.95,0.9874994499862486
52.0,0.979786134329209
52.050000000000004,0.9770333988839142
52.1,0.9841524578902999
52.150000000000006,0.9903152028780009
52.2,0.9895135101724368
52.25,0.9850054124247485
52.300000000000004,0.9780621218948671
52.35,0.9735218654516368
52.400000000000006,0.9792919173146807
52.45,0.9893315417548855
52.5,0.9895816742415241
52.550000000000004,0.98237134236173
52.6,0.9764390153675954
52.650000000000006,0.9721452373919479
52.7,0.975235421590552
52.75,0.9873117171115556
52.800000000000004,0.9905655966190692
52.85,0.9814500154503322
52.900000000000006,0.9751437368669855
52.95,0.972293476780767
53.0,0.9736512446421375
53.050000000000004,0.9855714257005126
53.1,0.9917968683373055
53.150000000000006,0.9827290419287564
53.2,0.9754300175346291
53.25,0.9734399961482773
53.300000000000004,0.9740967698646897
53.35,0.9850402443836173
53.400000000000006,0.9931551496106567
53.45,0.9852021071075515
53.5,0.9774393226410443
53.550000000000004,0.9759291878545009
53.6,0.9758261329354017
53.650000000000006,0.9850512501856927
53.7,0.9945318086009058
53.75,0.9881304406523859
53.800000000000004,0.9797940530463666
53.85,0.979332555275996
53.900000000000006,0.979207409237981
53.95,0.9849396788300377
54.0,0.9947659500857422
54.050000000000004,0.9912872643645386
54.1,0.9815941841581112
54.150000000000006,0.9816548733569983
54.2,0.9841607537493938
54.25,0.9858235473146297
54.300000000000004,0.9928206149928128
54.35,0.9935313520659657
54.400000000000006,0.983271042552496
54.45,0.9813012435278903
54.5,0.9883912271625079
54.550000000000004,0.9891200650903642
54.6,0.9899324789168348
54.650000000000006,0.9930436811498651
54.7,0.9848365753602324
54.75,0.9788691669903689
54.800000000000004,0.9889145982582674
54.85,0.9936771132134568
54.900000000000006,0.9889284613371611
54.95,0.9898164425976274
55.0,0.9848456046296574
55.050000000000004,0.9759329803282694
55.1,0.9850941791867676
55.150000000000006,0.996133306903146
55.2,0.9909298010489144
55.25,0.9865571568294127
55.300000000000004,0.9824214686163087
55.35,0.9729581002377113
55.400000000000006,0.978910751332513
55.45,0.9943963878322655
55.5,0.99401882881078
55.550000000000004,0.9859944153324652
55.6,0.9793212335723994
55.650000000000006,0.9698151643094349
55.7,0.9725354333945165
55.75,0.9894355167095776
55.800000000000004,0.9957223680797979
55.85,0.988111815289865
55.900000000000006,0.9784015552261445
55.95,0.9677205703538888
56.0,0.9671235903168335
56.050000000000004,0.9834041790243202
56.1,0.9955456306583754
56.150000000000006,0.9909949604245294
56.2,0.9804085538872923
56.25,0.9687755852384317
56.300000000000004,0.9639365001186168
56.35,0.9775821623567914
56.400000000000006,0.9942653314469316
56.45,0.9934550903262556
56.5,0.9836880667033608
56.550000000000004,0.97331517688714
56.6,0.9646684543184797
56.650000000000006,0.9729329826752411
56.7,0.9920773035882573
56.75,0.9954256414159988
56.800000000000004,0.9867853116584947
56.85,0.9792266732824941
56.900000000000006,0.9695684092241369
56.95,0.9710741591700722
57.0,0.9889262122764153
57.050000000000004,0.9964239026129222
57.1,0.9896506593132975
57.150000000000006,0.9844155259796851
57.2,0.9764172191470734
57.25,0.9729645136730845
57.300000000000004,0.9858761264862114
57.35,0.9954498281683258
57.400000000000006,0.9920729158028964
57.45,0.9885735735987359
57.5,0.9825646772998087
57.550000000000004,0.9772208168159702
57.6,0.9843617255053697
57.650000000000006,0.9925739020294753
57.7,0.9927019133218395
57.75,0.9917739755772069
57.800000000000004,0.987222419427421
57.85,0.9813221008482493
57.900000000000006,0.9841351244142923
57.95,0.9891068938379663
58.0,0.9906249065839914
58.050000000000004,0.992793708074499
58.1,0.9906710017692063
58.150000000000006,0.9843483345283263
58.2,0.9835722111624647
58.25,0.985735664879281
58.300000000000004,0.9867676115019209
58.35,0.9903493101839335
58.400000000000006,0.9921250721706374
58.45,0.9871368623784691
58.5,0.9823499458171111
58.550000000000004,0.9818919059873835
58.6,0.9826650890094487
58.650000000000006,0.9852893659703634
58.7,0.9901587471294832
58.75,0.9897898150624225
58.800000000000004,0.9822799628865819
58.85,0.9777564409599189
58.900000000000006,0.978750722790111
58.95,0.9800407736140245
59.0,0.9851377883660003
59.050000000000004,0.9907273766298661
59.1,0.9846889424468598
59.150000000000006,0.9755370194681963
59.2,0.9750903970117432
59.25,0.9761361831769382
59.300000000000004,0.9795828848568261
59.35,0.9888434114430488
59.400000000000006,0.9882519303334346
59.45,0.9773175193831446
59.5,0.9730321399320006
59.550000000000004,0.973671844983145
59.6,0.9757369201783083
59.650000000000006,0.985234979027707
59.7,0.9905549964877088
59.75,0.9823074497090347
59.800000000000004,0.9743571875899953
59.85,0.9730123801103094
59.900000000000006,0.9740921552614842
59.95,0.9818728712761428
60.0,0.990864712326391
60.050000000000004,0.9876333496697189
60.1,0.9787406648414773
60.150000000000006,0.9751692999316766
60.2,0.9746991995398032
60.25,0.9796438346431593
60.300000000000004,0.990063768621002
60.35,0.9914556293439067
60.400000000000006,0.9835804617935539
60.45,0.9797725821999076
60.5,0.9782117941851335
60.550000000000004,0.9787732683830414
60.6,0.9886135675956662
60.650000000000006,0.993818340089748
60.7,0.9867609193273905
60.75,0.9841575522061978
60.800000000000004,0.9842922563215615
60.85,0.9800898973847556
60.900000000000006,0.9862905996710561
60.95,0.9946651415532934
61.0,0.9882957999735539
61.050000000000004,0.9857508881508776
61.1,0.9901087823180583
61.150000000000006,0.984102730440762
61.2,0.9837818996901113
61.25,0.9929958391425082
61.300000000000004,0.9887587226864065
61.35,0.9846220473170858
61.400000000000006,0.992274741300207
61.45,0.9891071908130281
61.5,0.9827399606220016
61.550000000000004,0.9887096444996288
61.6,0.9876278840709906
61.650000000000006,0.982632194256098
61.7,0.9902015954625963
61.75,0.9919959091996823
61.800000000000004,0.9836752707736404
61.85,0.9837486459985623
61.900000000000006,0.98438651151666
61.95,0.9808512067959335
62.0,0.9862572973785546
62.050000000000004,0.9914088583128225
62.1,0.9851446810000923
62.150000000000006,0.980241590513075
62.2,0.9801862571089006
62.25,0.9791653725689947
62.300000000000004,0.9827822090594986
62.35,0.9888528940602088
62.400000000000006,0.9858039420551766
62.45,0.9784744187433851
62.5,0.9769016669841062
62.550000000000004,0.9778523783185118
62.6,0.9804103944324862
62.650000000000006,0.9863534679046937
62.7,0.9861064230054112
62.75,0.9778025710513423
62.800000000000004,0.9750553975627057
62.85,0.9777563013207671
62.900000000000006,0.9793421122519144
62.95,0.9844291646381504
63.0,0.9869808457274853
63.050000000000004,0.978581135235963
63.1,0.9741233932859555
63.150000000000006,0.9787506827954344
63.2,0.9803386957930197
63.25,0.983130409578482
63.300000000000004,0.9879014453425281
63.35,0.9815091891234551
63.400000000000006,0.9745017308665471
63.45,0.9796101413920453
63.5,0.9834199128713323
63.550000000000004,0.9835429111304321
63.6,0.9877322164409662
63.650000000000006,0.9854228895643474
63.7,0.9773007074271549
63.75,0.9799284834992482
63.800000000000004,0.9868858596387399
63.85,0.9866385098049179
63.900000000000006,0.9869000961277291
63.95,0.9876074375302064
64.0,0.9818016266868297
64.05,0.9807313433824315
64.10000000000001,0.9889568218260096
64.15,0.9913315361207636
64.2,0.987099795819293
64.25,0.9867690925051968
64.3,0.9848574837673083
64.35000000000001,0.9822940649676977
64.4,0.989620833860385
64.45,0.9953019611245211
64.5,0.9889039907389704
64.55,0.9843657083913367
64.60000000000001,0.983970159379837
64.65,0.9826202430189763
64.7,0.9896103528170104
64.75,0.9975544253291687
64.8,0.9911902895918473
64.85000000000001,0.9824863068731727
64.9,0.9799915614627152
64.95,0.9795335543898467
65.0,0.9882456601715762
65.05,0.9986862015977167
65.10000000000001,0.9931582601710319
65.15,0.9817350682139264
65.2,0.9757694394660537
65.25,0.9736903561862154
65.3,0.9839957762673135
65.35000000000001,0.998654501405292
65.4,0.9953357970057252
65.45,0.9819659464764376
65.5,0.9730547014308252
65.55,0.968135890817687
65.60000000000001,0.9771984581531987
65.65,0.9960522033202669
65.7,0.9978707149349233
65.75,0.9836996076918697
65.8,0.9719912429146313
65.85000000000001,0.9651769663273463
65.9,0.9706739155317234
65.95,0.990366672168673
66.0,0.9992549673871648
66.05,0.9873222424703831
66.10000000000001,0.972772299956933
66.15,0.9650513710723054
66.2,0.9671531402466994
66.25,0.9836196201576156
66.3,0.9980337673919508
66.35000000000001,0.9916049249719268
66.4,0.9758530433526391
66.45,0.9674027640453571
66.5,0.9672593449353709
66.55,0.9786385159271418
66.60000000000001,0.9949295447346476
66.65,0.9946114462246765
66.7,0.9804551345449735
66.75,0.9721235716073979
66.8,0.9703908451754191
66.85000000000001,0.9765258595270031
66.9,0.9918869272883857
66.95,0.9958952949669083
67.0,0.9845832086345735
67.05,0.9780927053656168
67.10000000000001,0.9759943884837461
67.15,0.9768489781154381
67.2,0.989531757754541
67.25,0.9963644136751102
67.3,0.9871459205035664
67.35000000000001,0.9827801241239125
67.4,0.9827814226836961
67.45,0.9793606773723015
67.5,0.987110952317536
67.55,0.9959900707327123
67.60000000000001,0.9887717317580327
67.65,0.984487154795193
67.7,0.987953964193378
67.75,0.9838743109754826
67.8,0.984773396119111
67.85000000000001,0.9933507430042334
67.9,0.9898212778462747
67.95,0.9840956802605523
68.0,0.9891012181764225
68.05,0.988788550246871
68.10000000000001,0.9841282290568489
68.15,0.9881274020748941
68.2,0.9889270403070675
68.25,0.9833449198175993
68.3,0.986670967705078
68.35000000000001,0.9916011957961004
68.4,0.9859967299988722
68.45,0.9826348339641998
68.5,0.9848075444450967
68.55,0.9821215828511908
68.60000000000001,0.9831420415117731
68.65,0.9913771305715292
68.7,0.9890686289425892
68.75,0.9797437212975542
68.8,0.978753975814732
68.85000000000001,0.979000652428396
68.9,0.9798786079061594
68.95,0.9894254206191433
69.0,0.9916416573452335
69.05,0.9801863758997406
69.10000000000001,0.973889110697735
69.15,0.9741581421938926
69.2,0.9763321346602811
69.25,0.9870941588759904
69.3,0.9934773200529041
69.35000000000001,0.9829621597019395
69.4,0.9722592787625421
69.45,0.9700276848110362
69.5,0.9724858053168965
69.55,0.9842823875495468
69.60000000000001,0.9948628891431082
69.65,0.987360343185966
69.7,0.9738714185036974
69.75,0.9687189852104475
69.8,0.9702383931374996
69.85000000000001,0.9809492339119965
69.9,0.9949648375790141
69.95,0.9928950087077001
70.0,0.9781516585488833
70.05,0.9701621419653454
70.10000000000001,0.9712843679091211
70.15,0.9787108584660709
70.2,0.9927506233274866
70.25,0.9977403637342264
70.3,0.9845087312851326
70.35000000000001,0.9732649100972174
70.4,0.9748192789344867
70.45,0.9793702434780374
70.5,0.9890993964992638
70.55,0.9993174610727756
70.60000000000001,0.9911263415574882
70.65,0.9774001463366
70.7,0.978594549287689
70.75,0.9824247444704295
70.8,0.9863300661374779
70.85000000000001,0.9970189415520279
70.9,0.9950542217845214
70.95,0.9817473940950745
71.0,0.9814011495014177
71.05,0.9855031445009486
71.10000000000001,0.9854900905372448
71.15,0.9929665464225121
71.2,0.9947695029527962
71.25,0.984480261947108
71.3,0.9831728831881831
71.35000000000001,0.9870591769967769
71.4,0.9854699142256563
71.45,0.9894052585396667
71.5,0.9917395143790172
71.55,0.9842670465525245
71.60000000000001,0.9833900601472954
71.65,0.9872295547791029
71.7,0.9850705004532303
71.75,0.9865430876822495
71.8,0.988424731273677
71.85000000000001,0.9821328320199819
71.9,0.9812980264731556
71.95,0.9861643285615711
72.0,0.9845189008203467
72.05,0.9837498628379356
72.10000000000001,0.9855786826031331
72.15,0.9804118405958057
72.2,0.9778106614186295
72.25,0.9833667699592109
72.3,0.9842861990434014
72.35000000000001,0.9815986854589792
72.4,0.9827003044341476
72.45,0.9800311159375136
72.5,0.9754587751789725
72.55,0.9793859796228578
72.60000000000001,0.9838153417336994
72.65,0.9812491106563149
72.7,0.9803292188411443
72.75,0.9801641357884912
72.8,0.9757456852608981
72.85000000000001,0.9765636221301066
72.9,0.9826506204974007
72.95,0.9824612912756188
73.0,0.9800437178704237
73.05,0.9804675962647877
73.10000000000001,0.9777664803758069
73.15,0.9767614160108798
73.2,0.9818355773021684
73.25,0.983799157203948
73.3,0.9820998137782864
73.35000000000001,0.9819542680954073
73.4,0.9801303324149041
73.45,0.9792406246065563
73.5,0.9826433835699108
73.55,0.9846204320130286
73.60000000000001,0.9847011528540789
73.65,0.9850106875910987
73.7,0.9829638215225706
73.75,0.9820759533789846
73.8,0.9844151094055649
73.85000000000001,0.9853274550709059
73.9,0.9861544438985875
73.95,0.9879934936563786
74.0,0.9868248883340256
74.05,0.9849407385838203
74.10000000000001,0.9853101954760034
74.15,0.9855629065201682
74.2,0.9863907627828938
74.25,0.9889320416944526
74.3,0.9905898520858805
74.35000000000001,0.9889016390677131
74.4,0.9851669621801776
74.45,0.9839094682908339
74.5,0.9856370204556243
74.55,0.9876832335736265
74.60000000000001,0.9920433866883505
74.65,0.9937089172672238
74.7,0.9859465949543837
74.75,0.9801973001550863
74.8,0.9830504121187175
74.85000000000001,0.9852229438568124
74.9,0.9903553761072755
74.95,0.9970495493032958
75.0,0.9888487765978332
75.05,0.976754490411491
75.10000000000001,0.9781356595595245
75.15,0.9816877946378817
75.2,0.9866182206845082
75.25,0.996977202620592
75.3,0.9924328887018427
75.35000000000001,0.9761677973106624
75.4,0.9726977327832992
75.45,0.9767872662760347
75.5,0.9820585473141895
75.55,0.9937961058589216
75.60000000000001,0.9944408387461978
75.65,0.9785924131232452
75.7,0.9697265369734718
75.75,0.9718178423012952
75.8,0.9772824375158813
75.85000000000001,0.9890116794419392
75.9,0.99429066073814
75.95,0.982320506355193
76.0,0.9704593080704129
76.05,0.969374479877019
76.10000000000001,0.9735314342299918
76.15,0.9837909298147802
76.2,0.9927043760685073
76.25,0.9861481112533819
76.3,0.9737900662884242
76.35000000000001,0.9705813226934262
76.4,0.9728716289956028
76.45,0.979401775345549
76.5,0.9899975043898658
76.55,0.9897039700221715
76.60000000000001,0.978343741602681
76.65,0.9740012337412858
76.7,0.9759672289677276
76.75,0.9778163618360812
76.80000000000001,0.9863811076605222
76.85000000000001,0.9919832556772468
76.9,0.9835074965131916
76.95,0.9778410790995982
77.0,0.9807696591151689
77.05000000000001,0.9801153303413329
77.10000000000001,0.9833880318190727
77.15,0.9915443648672853
77.2,0.9881443215498776
77.25,0.9818200463608077
77.30000000000001,0.984662426385282
77.35000000000001,0.9846868291175541
77.4,0.9830355261206025
77.45,0.9885921683995988
77.5,0.9900753962039786
77.55000000000001,0.985899742084101
77.60000000000001,0.9871523568794001
77.65,0.9885514428784618
77.7,0.9852609618959368
77.75,0.9852764731217359
77.80000000000001,0.9880583438552527
77.85000000000001,0.9884863925279005
77.9,0.9891858193631604
77.95,0.9904830118082636
78.0,0.9877393292997984
78.05000000000001,0.9831191761622143
78.10000000000001,0.9833314431377864
78.15,0.987566886939746
78.2,0.9905182775930748
78.25,0.9915528808185019
78.30000000000001,0.9888447308194546
78.35000000000001,0.9814362369000166
78.4,0.9780858355234929
78.45,0.9832122968113303
78.5,0.9895476714036685
78.55000000000001,0.9926188604234045
78.60000000000001,0.989490057443913
78.65,0.9793197950940397
78.7,0.9732114985212736
78.75,0.977519724025483
78.80000000000001,0.9858115646142084
78.85000000000001,0.9928777506162711
78.9,0.991245286355468
78.95,0.9779726160192079
79.0,0.9688202468455179
79.05000000000001,0.9722477747090922
79.10000000000001,0.9810138289875789
79.15,0.9914903493478207
79.2,0.9938429388306159
79.25,0.9795031326713158
79.30000000000001,0.9662334120462807
79.35000000000001,0.9679467139494318
79.4,0.9770407157653248
79.45,0.9892142099339327
79.5,0.995728162870949
79.55000000000001,0.983947689147002
79.60000000000001,0.9675032961202391
79.65,0.9653999577583405
79.7,0.9743274310891955
79.75,0.9873505229325135
79.80000000000001,0.9962332319474159
79.85000000000001,0.9890394445402869
79.9,0.9727244708072812
79.95,0.9660491453160148
80.0,0.9729076414480562
80.05000000000001,0.9860945966004167
80.10000000000001,0.9958163808451557
80.15,0.9927921898554112
80.2,0.9793664075473907
80.25,0.9700275552791416
80.30000000000001,0.9736002392275324
80.35000000000001,0.9851884498088531
80.4,0.9946507631705579
80.45,0.9948472435174543
80.5,0.9848272823219959
80.55000000000001,0.9750484396810678
80.60000000000001,0.9766646875990175
80.65,0.9853629094834473
80.7,0.9925963186802497
80.75,0.9952202837607098
80.80000000000001,0.9884014007989975
80.85000000000001,0.9784833364185693
80.9,0.9801147980419923
80.95,0.9873977557923747
81.0,0.9905659977426139
81.05000000000001,0.9934982158820825
81.10000000000001,0.9901710917431049
81.15,0.979816753998474
81.2,0.9811330429583653
81.25,0.989949171919563
81.30000000000001,0.9902129514161866
81.35000000000001,0.9901600017248098
81.4,0.9895250337328557
81.45,0.9800086876004424
81.5,0.9791274773377838
81.55000000000001,0.990135439787285
81.60000000000001,0.9916151918496378
81.65,0.9873145672397752
81.7,0.9862302757201672
81.75,0.9793147181829117
81.80000000000001,0.9760509607103021
81.85000000000001,0.9868229124785988
81.9,0.9926422363928389
81.95,0.9867357840841133
82.0,0.9820723775752338
82.05000000000001,0.9773441214044262
82.10000000000001,0.9737141433917589
82.15,0.9819920644231258
82.2,0.9915710815904011
82.25,0.9878434851109854
82.30000000000001,0.979663408829132
82.35000000000001,0.9749258408398875
82.4,0.9722646393656423
82.45,0.9782260359648999
82.5,0.9892586556565878
82.55000000000001,0.9888690723478388
82.60000000000001,0.9797139893925881
82.65,0.9740540089567435
82.7,0.9715983673678937
82.75,0.9761408720294279
82.80000000000001,0.9876295847086596
82.85000000000001,0.9894289782563841
82.9,0.9808905175189847
82.95,0.975520150859441
83.0,0.9725625881863565
83.05000000000001,0.9751841689854489
83.10000000000001,0.986977212406738
83.15,0.9904606380665009
83.2,0.9823227453935582
83.25,0.9780472099471493
83.30000000000001,0.9756500478830528
83.35000000000001,0.9756369858493812
83.4,0.9862238738693121
83.45,0.9918915746014306
83.5,0.984576356153179
83.55000000000001,0.9804207089169019
83.60000000000001,0.9796417472916379
83.65,0.9781926870877313
83.7,0.9852500360735954
83.75,0.9921204238519741
83.80000000000001,0.9876343276410326
83.85000000000001,0.9830510364616566
83.9,0.982887961383031
83.95,0.9821346588620813
84.0,0.9851921832529872
84.05000000000001,0.9902143435922321
84.10000000000001,0.9895555732989181
84.15,0.9863075983881138
84.2,0.9852287358037085
84.25,0.9856345216540802
84.30000000000001,0.9863856758478655
84.35000000000001,0.987193135097154
84.4,0.9883823321496192
84.45,0.9885164971134139
84.5,0.9872430280983097
84.55000000000001,0.9878710132072082
84.60000000000001,0.987691681937879
84.65,0.9844919811993578
84.7,0.9844898282019834
84.75,0.9873308520979213
84.80000000000001,0.9881081500163756
84.85000000000001,0.9893660738952105
84.9,0.988392372711904
84.95,0.9824395036586739
85.0,0.9799387206318174
85.05000000000001,0.9827253158281333
85.10000000000001,0.9859931873794764
85.15,0.9900065905007682
85.2,0.9892460369102457
85.25,0.9811628813569279
85.30000000000001,0.9762669129853518
85.35000000000001,0.977166217466944
85.4,0.9808089797522251
85.45,0.9883754974157598
85.5,0.9907051250913519
85.55000000000001,0.9817416253385095
85.60000000000001,0.9741589916056106
85.65,0.9729547907870346
85.7,0.9750512271675424
85.75,0.9839261079245867
85.80000000000001,0.9913615670697039
85.85000000000001,0.9849101533082544
85.9,0.9745712555262296
85.95,0.9708367172001143
86.0,0.9713501709242147
86.05000000000001,0.978585770784786
86.10000000000001,0.9896040977540103
86.15,0.9891975853091638
86.2,0.978298275803388
86.25,0.9711927384351442
86.30000000000001,0.970420808083344
86.35000000000001,0.9750300678550774
86.4,0.9861125588769587
86.45,0.992001064039323
86.5,0.9841911545336749
86.55000000000001,0.9746792917653356
86.60000000000001,0.9720022477028158
86.65,0.9741494543910179
86.7,0.9831695442601965
86.75,0.9924804117392466
86.80000000000001,0.9893823226599812
86.85000000000001,0.9806955918320599
86.9,0.976261843949193
86.95,0.9753062464970241
87.0,0.9817818828398357
87.05000000000001,0.991917008253181
87.10000000000001,0.9919896482818729
87.15,0.9865716421468622
87.2,0.9828104243857917
87.25,0.9782149987516027
87.30000000000001,0.9810282736367862
87.35000000000001,0.9910481132983305
87.4,0.9924788662224835
87.45,0.9897303070521793
87.5,0.98926874885199
87.55000000000001,0.9828915499109844
87.60000000000001,0.9802740188902221
87.65,0.9887399182093346
87.7,0.9917008894730671
87.75,0.9900774828067602
87.80000000000001,0.992709798009419
87.85000000000001,0.9880044895295857
87.9,0.9803396940956088
87.95,0.9841453236006108
88.0,0.9889337354785237
88.05000000000001,0.9890868085830162
88.10000000000001,0.9925839205121347
88.15,0.9911547217944563
88.2,0.981860156176844
88.25,0.9787941244028987
88.30000000000001,0.9832229222689909
88.35000000000001,0.9871515772827177
88.4,0.9908325935190169
88.45,0.9914059360547243
88.5,0.9839386697320566
88.55000000000001,0.9752405644196326
88.60000000000001,0.975833409880111
88.65,0.9834143700844709
88.7,0.9890009573769235
88.75,0.9902386353716701
88.80000000000001,0.9854711662018161
88.85000000000001,0.9744548188672997
88.9,0.9697566517198829
88.95,0.9780708212492842
89.0,0.9867333499673279
89.05000000000001,0.9893097180539647
89.10000000000001,0.9867343189926355
89.15,0.975796079742414
89.2,0.9669764997358393
89.25,0.973144422697156
89.30000000000001,0.983579885879948
89.35000000000001,0.9885074646821314
89.4,0.9884152344006316
89.45,0.9787871379627683
89.5,0.9675343458914614
89.55000000000001,0.9704887263949408
89.60000000000001,0.9806899352463527
89.65,0.987211058221361
89.7,0.989876050810658
89.75,0.9831915288639862
89.80000000000001,0.9709883990005181
89.85000000000001,0.970317417680273
89.9,0.9795368992055243
89.95,0.9862784668948281
90.0,0.9899421043174406
90.05000000000001,0.9875290483242002
90.10000000000001,0.9769149922991313
90.15,0.9722007580414215
90.2,0.9799936542474535
90.25,0.9871562918363037
90.30000000000001,0.9890921809057128
90.35000000000001,0.9894556277657531
90.4,0.9834807229433081
90.45,0.9760009311146096
90.5,0.980950675637562
90.55000000000001,0.9895242752929996
90.60000000000001,0.989198348328886
90.65,0.9883558190183878
90.7,0.9873829090372116
90.75,0.9807081117513249
90.80000000000001,0.9820765509150551
90.85000000000001,0.9914794423373648
90.9,0.9908784806130597
90.95,0.9862535620439312
91.0,0.9867084146118131
91.05000000000001,0.983620632441353
91.10000000000001,0.9834964281054155
91.15,0.9920166465101
91.2,0.9926191852877554
91.25,0.9852994108561463
91.30000000000001,0.9830538035944503
91.35000000000001,0.9824911979666215
91.4,0.9841972318114758
91.45,0.9917718637269526
91.5,0.993046980256384
91.55000000000001,0.9854193043426359
91.60000000000001,0.9795765871083836
91.65,0.9782236750780869
91.7,0.9825580995860904
91.75,0.9910932975731875
91.80000000000001,0.9926371283095017
91.85000000000001,0.9853979087307844
91.9,0.9775673814385463
91.95,0.9739931605619683
92.0,0.9787769700364308
92.05000000000001,0.9890746039700558
92.10000000000001,0.9922962200063623
92.15,0.9852100192408842
92.2,0.9762244971277473
92.25,0.9717460589536091
92.30000000000001,0.9752993925269889
92.35000000000001,0.9853942725236355
92.4,0.991571583481572
92.45,0.9858174965928403
92.5,0.9752100766839406
92.55000000000001,0.970950964716142
92.60000000000001,0.9741788964910254
92.65,0.9817963623550414
92.7,0.989659025648049
92.75,0.9872372168159066
92.80000000000001,0.9755649530922643
92.85000000000001,0.9708309287239103
92.9,0.9751447925927951
92.95,0.9804288578794856
93.0,0.9873545250205286
93.05000000000001,0.9884288915089993
93.10000000000001,0.9778434409072299
93.15,0.9720154025049889
93.2,0.9769630256185379
93.25,0.9814320531636428
93.30000000000001,0.9863602234956775
93.35000000000001,0.9890161989215391
93.4,0.9809660197191248
93.45,0.9750778994992695
93.5,0.9794242746090897
93.55000000000001,0.9834205911086311
93.60000000000001,0.9868986336540159
93.65,0.9895544344237899
93.7,0.9836183093028799
93.75,0.97884397884928
93.80000000000001,0.9827034986606783
93.85000000000001,0.9857540213433164
93.9,0.9876170803700841
93.95,0.9898256084901046
94.0,0.9854785055564763
94.05000000000001,0.9815120125874587
94.10000000000001,0.9856564018424474
94.15,0.9887581019355284
94.2,0.98801159833045
94.25,0.9884891839571834
94.30000000000001,0.9861927716957346
94.35000000000001,0.9826134544909094
94.4,0.986465431153321
94.45,0.9918375182707511
94.5,0.9893210491559764
94.55000000000001,0.9853250556313236
94.60000000000001,0.9844613740289391
94.65,0.9824930613851051
94.7,0.9848156194384161
94.75,0.9931213670535411
94.80000000000001,0.9923097573421913
94.85000000000001,0.9825833989053798
94.9,0.9797058805576054
94.95,0.980555433355305
95.0,0.9819439049657038
95.05000000000001,0.9915755270058052
95.10000000000001,0.9955346015592895
95.15,0.9828191063979832
95.2,0.9740657742561458
95.25,0.9758838755600764
95.30000000000001,0.9785162816877924
95.35000000000001,0.9881754431607173
95.4,0.9969315661643231
95.45,0.9860561359380454
95.5,0.9711294415220268
95.55000000000001,0.9696715907803133
95.60000000000001,0.974104546817373
95.65,0.9843146383309891
95.7,0.996166319065775
95.75,0.990273351741713
95.80000000000001,0.9726101117411674
95.85000000000001,0.9652885909098113
95.9,0.9692691346895456
95.95,0.9803303368657589
96.0,0.9942094146166408
96.05000000000001,0.9940416505204163
96.10000000000001,0.9774001188702762
96.15,0.9651727889108295
96.2,0.966481316431441
96.25,0.9765957529004277
96.30000000000001,0.9914330682848834
96.35000000000001,0.9971347544634144
96.4,0.9837173266111197
96.45,0.968758921606572
96.5,0.9676694779718307
96.55000000000001,0.9748070814128795
96.60000000000001,0.9877377657841887
96.65,0.9988620812889096
96.7,0.9905291849160396
96.75,0.9740638197216106
96.80000000000001,0.9717944892328263
96.85000000000001,0.9764481385514164
96.9,0.9841762668546411
96.95,0.9978075717778054
97.0,0.9964664070031325
97.05000000000001,0.9799794828130421
97.10000000000001,0.9761823765662687
97.15,0.9803853909125606
97.2,0.982581101987634
97.25,0.9938850186430532
97.30000000000001,0.9991944966806462
97.35000000000001,0.9858823354086294
97.4,0.9796084745096646
97.45,0.9836450195118163
97.5,0.9831704124215729
97.55000000000001,0.9891405292068768
97.60000000000001,0.9973521466261216
97.65,0.9901580950465764
97.7,0.9826237986103136
97.75,0.9846877722616126
97.80000000000001,0.9840010908520828
97.85000000000001,0.9855106688676206
97.9,0.9922705033790938
97.95,0.9909749435004939
98.0,0.9852724729209733
98.05000000000001,0.9845314642361946
98.10000000000001,0.9835072693562608
98.15,0.9828616344051426
98.2,0.9864931852679661
98.25,0.9883772334630815
98.30000000000001,0.9863359553442933
98.35000000000001,0.9844503971364069
98.4,0.9823967595523634
98.45,0.9803051392771877
98.5,0.9812286293924548
98.55000000000001,0.9841864454084447
98.60000000000001,0.9851985177324782
98.65,0.9841825732806837
98.7,0.9821836385923038
98.75,0.9784509124185224
98.80000000000001,0.9765583041236315
98.85000000000001,0.9798414099038216
98.9,0.9829107795641799
98.95,0.9831860027004052
99.0,0.9829569744162938
99.05000000000001,0.9788276478496541
99.10000000000001,0.9735038166946794
99.15,0.9757424119112335
99.2,0.9806808278858076
99.25,0.9822032192542667
99.30000000000001,0.9838231932189865
99.35000000000001,0.9814798065116166
99.4,0.9739141824481311
99.45,0.9728249335540412
99.5,0.9786018723390087
99.55000000000001,0.982222130519335
99.60000000000001,0.9847098000977209
99.65,0.9846775334367467
99.7,0.9779342789961688
99.75,0.9729610737674691
99.80000000000001,0.9768075683194104
99.85000000000001,0.9828224119980647
99.9,0.9861459259105341
99.95,0.9870319078711579
100.0,0.9831453619417837
